,Sampling Type,Sample Size,class_error,rec_error
0,Random,1,832,116.99999
1,Random,2,820,115.99999
2,Random,3,820,115.0
3,Random,4,820,114.0
4,Random,5,817,112.99999
5,Random,6,820,111.99999
6,Random,7,811,111.0
7,Random,8,806,109.99999
8,Random,9,766,109.0
9,Random,10,757,107.999985
10,Random,11,759,107.00001
11,Random,12,763,106.00001
12,Random,13,750,104.99999
13,Random,14,690,104.00001
14,Random,15,685,102.99999
15,Random,16,664,102.0
16,Random,17,645,100.99999
17,Random,18,631,100.0
18,Random,19,563,99.0
19,Random,20,560,97.99999
20,Random,21,541,96.99999
21,Random,22,486,96.0
22,Random,23,482,95.0
23,Random,24,482,94.0
24,Random,25,466,93.0
25,Random,26,458,92.0
26,Random,27,451,91.0
27,Random,28,444,90.0
28,Random,29,441,88.99999
29,Random,30,433,88.0
30,Random,31,423,87.0
31,Random,32,421,85.99999
32,Random,33,413,85.0
33,Random,34,403,84.0
34,Random,35,403,82.99999
35,Random,36,398,82.0
36,Random,37,390,81.0
37,Random,38,392,80.0
38,Random,39,388,78.99999
39,Random,40,381,78.0
40,Random,41,382,76.99999
41,Random,42,383,75.99999
42,Random,43,351,74.99999
43,Random,44,351,73.99999
44,Random,45,337,73.0
45,Random,46,337,72.0
46,Random,47,326,71.0
47,Random,48,327,69.99999
48,Random,49,319,69.0
49,Random,50,313,68.0
50,Random,51,298,67.0
51,Random,52,302,66.0
52,Random,53,289,65.0
53,Random,54,283,64.0
54,Random,55,282,63.0
55,Random,56,282,62.0
56,Random,57,279,60.999992
57,Random,58,275,60.000004
58,Random,59,266,58.999996
59,Random,60,264,57.999992
60,Random,61,241,57.0
61,Random,62,239,55.999992
62,Random,63,244,54.999996
63,Random,64,240,54.0
64,Random,65,243,52.999996
65,Random,66,241,52.0
66,Random,67,229,51.0
67,Random,68,213,49.999996
68,Random,69,196,49.0
69,Random,70,177,48.0
70,Random,71,179,47.0
71,Random,72,175,46.0
72,Random,73,172,44.999996
73,Random,74,172,44.0
74,Random,75,167,43.0
75,Random,76,153,41.999996
76,Random,77,144,41.0
77,Random,78,142,39.999996
78,Random,79,140,38.999996
79,Random,80,137,38.0
80,Random,81,136,37.0
81,Random,82,136,36.999996
82,Random,83,134,36.0
83,Random,84,131,35.0
84,Random,85,130,33.999996
85,Random,86,128,33.0
86,Random,87,125,32.0
87,Random,88,118,31.0
88,Random,89,112,30.0
89,Random,90,111,29.0
90,Random,91,105,28.0
91,Random,92,105,26.999998
92,Random,93,102,26.000004
93,Random,94,102,24.999998
94,Random,95,102,23.999998
95,Random,96,97,22.999998
96,Random,97,103,21.999998
97,Random,98,90,21.0
98,Random,99,91,20.0
99,Random,100,83,19.0
100,Random,101,81,18.0
101,Random,102,74,17.0
102,Random,103,71,15.999999
103,Random,104,72,15.0
104,Random,105,65,13.999999
105,Random,106,67,13.0
106,Random,107,59,12.0
107,Random,108,63,10.999999
108,Random,109,51,10.0
109,Random,110,51,10.0
110,Random,111,51,9.0
111,Random,112,45,8.000002
112,Random,113,26,7.000003
113,Random,114,20,6.0000153
114,Random,115,15,5.0000467
115,Random,116,18,5.0000134
116,Random,117,14,4.0000157
117,Random,118,15,4.0000086
118,Random,119,15,4.0000086
119,Random,120,15,4.0000124
120,Random,121,16,4.0000076
121,Random,122,15,3.0000153
122,Random,123,10,2.0000868
123,Random,124,10,2.000086
124,Random,125,10,2.000092
125,Random,126,10,2.0000844
126,Random,127,5,1.0001961
127,Random,128,6,1.0000894
128,Random,129,5,1.0001136
129,Random,130,6,1.0001011
130,Random,131,6,1.0000793
131,Random,132,5,1.0000961
132,Random,133,2,1.0000331
133,Random,134,3,1.0000368
134,Random,135,0,4.8424743e-05
135,Random,136,0,4.2410073e-05
136,Random,137,0,4.617316e-05
137,Random,138,0,4.6386554e-05
138,Random,139,0,2.8463557e-05
139,Random,140,0,3.2495114e-05
140,Random,141,0,2.3304325e-05
141,Random,142,0,2.8193877e-05
142,Random,143,0,1.9178715e-05
143,Random,144,0,1.9720961e-05
144,Random,145,0,1.7550847e-05
145,Random,146,0,1.59548e-05
146,Random,147,0,1.5197348e-05
147,Random,148,0,1.8805003e-05
148,Random,149,0,1.8758576e-05
149,Random,150,0,1.0133643e-05
150,Random,151,0,9.788576e-06
151,Random,152,0,1.5025092e-05
152,Random,153,0,3.7613615e-06
153,Random,154,0,4.1545736e-06
154,Random,155,0,2.8590703e-06
155,Random,156,0,3.2582916e-06
156,Random,157,0,2.510681e-06
157,Random,158,0,2.8314805e-06
158,Random,159,0,2.990731e-06
159,Random,160,0,2.7129333e-06
160,Random,161,0,2.986989e-06
161,Random,162,0,2.4010774e-06
162,Random,163,0,2.513696e-06
163,Random,164,0,2.8183977e-06
164,Random,165,0,2.4812648e-06
165,Random,166,0,2.2001598e-06
166,Random,167,0,2.2351044e-06
167,Random,168,0,2.4075362e-06
168,Random,169,0,2.522209e-06
169,Random,170,0,2.462092e-06
170,Random,171,0,2.2535382e-06
171,Random,172,0,2.556565e-06
172,Random,173,0,2.4899684e-06
173,Random,174,0,2.3875134e-06
174,Random,175,0,1.8119937e-06
175,Random,176,0,2.2957445e-06
176,Random,177,0,2.4103565e-06
177,Random,178,0,2.0214031e-06
178,Random,179,0,1.9647928e-06
179,Random,180,0,1.9264885e-06
180,Random,181,0,1.889832e-06
181,Random,182,0,2.0184896e-06
182,Random,183,0,1.7001447e-06
183,Random,184,0,1.6279363e-06
184,Random,185,0,2.2668066e-06
185,Random,186,0,1.6732332e-06
186,Random,187,0,1.8214541e-06
187,Random,188,0,1.7127421e-06
188,Random,189,0,1.6605643e-06
189,Random,190,0,1.7314806e-06
190,Random,191,0,1.8298439e-06
191,Random,192,0,1.9459794e-06
192,Random,193,0,1.6977266e-06
193,Random,194,0,2.076784e-06
194,Random,195,0,1.5670611e-06
195,Random,196,0,1.7951136e-06
196,Random,197,0,1.4731245e-06
197,Random,198,0,1.9275144e-06
198,Random,199,0,1.3826896e-06
199,Random,200,0,1.3912419e-06
200,Random,201,0,1.5825048e-06
201,Random,202,0,1.2928808e-06
202,Random,203,0,1.4005748e-06
203,Random,204,0,1.3023786e-06
204,Random,205,0,1.2133248e-06
205,Random,206,0,1.2276936e-06
206,Random,207,0,1.3811189e-06
207,Random,208,0,1.1494932e-06
208,Random,209,0,1.2677216e-06
209,Random,210,0,1.1987959e-06
210,Random,211,0,1.2422e-06
211,Random,212,0,1.2830773e-06
212,Random,213,0,1.2262055e-06
213,Random,214,0,1.2350862e-06
214,Random,215,0,1.4166053e-06
215,Random,216,0,1.3951878e-06
216,Random,217,0,1.4296407e-06
217,Random,218,0,1.2758527e-06
218,Random,219,0,1.2633129e-06
219,Random,220,0,1.6481482e-06
220,Random,221,0,1.5384571e-06
221,Random,222,0,1.324734e-06
222,Random,223,0,1.4899101e-06
223,Random,224,0,1.1388298e-06
224,Random,225,0,1.5256578e-06
225,Random,226,0,1.4394828e-06
226,Random,227,0,1.2853728e-06
227,Random,228,0,1.3160707e-06
228,Random,229,0,1.2278836e-06
229,Random,230,0,4.5056845e-07
230,Random,231,0,4.758004e-07
231,Random,232,0,3.6883313e-07
232,Random,233,0,4.4721907e-07
233,Random,234,0,4.3324988e-07
234,Random,235,0,4.426101e-07
235,Random,236,0,4.6898333e-07
236,Random,237,0,3.4851408e-07
237,Random,238,0,3.7046578e-07
238,Random,239,0,3.6747e-07
239,Random,240,0,4.272352e-07
240,Random,241,0,2.995073e-07
241,Random,242,0,3.166294e-07
242,Random,243,0,2.6360757e-07
243,Random,244,0,2.111048e-07
244,Random,245,0,3.134329e-07
245,Random,246,0,2.3340583e-07
246,Random,247,0,2.565146e-07
247,Random,248,0,2.2784182e-07
248,Random,249,0,2.5588832e-07
249,Random,250,0,2.026896e-07
250,Random,251,0,2.1176366e-07
251,Random,252,0,1.954399e-07
252,Random,253,0,1.340366e-07
253,Random,254,0,1.4965136e-07
254,Random,255,0,1.4146693e-07
255,Random,256,0,1.6590484e-07
256,Random,257,0,1.398822e-07
257,Random,258,0,1.6975525e-07
258,Random,259,0,1.8780261e-07
259,Random,260,0,1.7040102e-07
260,Random,261,0,2.950505e-07
261,Random,262,0,1.3439494e-07
262,Random,263,0,1.8009283e-07
263,Random,264,0,1.5746058e-07
264,Random,265,0,2.0138332e-07
265,Random,266,0,1.4793393e-07
266,Random,267,0,1.3042386e-07
267,Random,268,0,1.608529e-07
268,Random,269,0,1.3831749e-07
269,Random,270,0,8.660487e-09
270,Random,271,0,9.329686e-09
271,Random,272,0,9.173463e-09
272,Random,273,0,9.505294e-09
273,Random,274,0,9.388343e-09
274,Random,275,0,9.582167e-09
275,Random,276,0,8.905412e-09
276,Random,277,0,1.2233999e-08
277,Random,278,0,1.3010085e-08
278,Random,279,0,1.05673665e-08
279,Random,280,0,8.97437e-09
280,Random,281,0,9.459059e-09
281,Random,282,0,1.0083767e-08
282,Random,283,0,9.299462e-09
283,Random,284,0,8.233609e-09
284,Random,285,0,8.4857446e-09
285,Random,286,0,3.460981e-08
286,Random,287,0,1.6728047e-08
287,Random,288,0,9.106277e-09
288,Random,289,0,1.2801631e-08
289,Random,290,0,1.0340831e-08
290,Random,291,0,8.8502325e-09
291,Random,292,0,1.0076643e-08
292,Random,293,0,8.105861e-09
293,Random,294,0,7.929278e-09
294,Random,295,0,8.76491e-09
295,Random,296,0,9.097096e-09
296,Random,297,0,9.432066e-09
297,Random,298,0,9.5376e-09
298,Random,299,0,1.9512546e-08
299,Random,300,0,2.1500489e-08
300,Random,301,0,2.2776081e-08
301,Random,302,0,9.566329e-09
302,Random,303,0,8.048589e-09
303,Random,304,0,8.307526e-09
304,Random,305,0,6.7540364e-09
305,Random,306,0,8.521567e-09
306,Random,307,0,2.6925727e-08
307,Random,308,0,4.9889803e-09
308,Random,309,0,5.446174e-09
309,Random,310,0,5.5475464e-09
310,Random,311,0,5.102116e-09
311,Random,312,0,5.3058375e-09
312,Random,313,0,7.386015e-09
313,Random,314,0,6.8288273e-09
314,Random,315,0,4.6326147e-09
315,Random,316,0,4.9657167e-09
316,Random,317,0,5.5521117e-09
317,Random,318,0,6.5371553e-09
318,Random,319,0,7.873258e-09
319,Random,320,0,7.8582865e-09
320,Random,321,0,9.00201e-09
321,Random,322,0,6.1226477e-09
322,Random,323,0,6.142127e-09
323,Random,324,0,4.5206647e-09
324,Random,325,0,4.129028e-09
325,Random,326,0,4.7570046e-09
326,Random,327,0,4.8718842e-09
327,Random,328,0,5.286005e-09
328,Random,329,0,5.762714e-09
329,Random,330,0,7.136596e-09
330,Random,331,0,6.3405254e-09
331,Random,332,0,7.1861996e-09
332,Random,333,0,6.9487e-09
333,Random,334,0,7.3774227e-09
334,Random,335,0,6.5537646e-09
335,Random,336,0,1.0670228e-08
336,Random,337,0,1.2990811e-08
337,Random,338,0,1.1648868e-08
338,Random,339,0,1.1910794e-08
339,Random,340,0,9.778341e-09
340,Random,341,0,8.154254e-09
341,Random,342,0,8.658196e-09
342,Random,343,0,6.102951e-09
343,Random,344,0,5.482409e-09
344,Random,345,0,6.067961e-09
345,Random,346,0,6.39066e-09
346,Random,347,0,5.2187037e-09
347,Random,348,0,6.7143477e-09
348,Random,349,0,7.026646e-09
349,Random,350,0,5.797651e-09
350,Random,351,0,5.9320957e-09
351,Random,352,0,6.646394e-09
352,Random,353,0,7.1385564e-09
353,Random,354,0,6.0066965e-09
354,Random,355,0,2.30918e-08
355,Random,356,0,2.0609438e-08
356,Random,357,0,1.46325565e-08
357,Random,358,0,1.6016065e-08
358,Random,359,0,1.7849443e-08
359,Random,360,0,1.7742739e-08
360,Random,361,0,1.1278032e-08
361,Random,362,0,1.1041046e-08
362,Random,363,0,1.0658409e-08
363,Random,364,0,1.0088759e-08
364,Random,365,0,4.8481046e-09
365,Random,366,0,4.1973336e-09
366,Random,367,0,4.3363366e-09
367,Random,368,0,4.476046e-09
368,Random,369,0,6.1141354e-09
369,Random,370,0,5.4297367e-09
370,Random,371,0,5.1537166e-09
371,Random,372,0,5.545254e-09
372,Random,373,0,6.0102168e-09
373,Random,374,0,5.534246e-09
374,Random,375,0,5.4410796e-09
375,Random,376,0,6.1691603e-09
376,Random,377,0,6.114387e-09
377,Random,378,0,6.1908993e-09
378,Random,379,0,2.7734537e-09
379,Random,380,0,2.6095126e-09
380,Random,381,0,3.2396108e-09
381,Random,382,0,2.9475022e-09
382,Random,383,0,4.118975e-09
383,Random,384,0,3.5556489e-09
384,Random,385,0,2.8346074e-09
385,Random,386,0,2.931242e-09
386,Random,387,0,3.0077416e-09
387,Random,388,0,2.7653493e-09
388,Random,389,0,3.1315095e-09
389,Random,390,0,3.1342577e-09
390,Random,391,0,3.2158087e-09
391,Random,392,0,3.6572756e-09
392,Random,393,0,2.6641493e-09
393,Random,394,0,3.0267355e-09
394,Random,395,0,2.739277e-09
395,Random,396,0,2.9547609e-09
396,Random,397,0,3.8292285e-09
397,Random,398,0,3.3245136e-09
398,Random,399,0,2.9109055e-09
399,Random,400,0,3.1067944e-09
400,Random,401,0,3.5926966e-09
401,Random,402,0,4.1868984e-09
402,Random,403,0,4.2051007e-09
403,Random,404,0,3.5506242e-09
404,Random,405,0,5.6954197e-09
405,Random,406,0,3.5574703e-09
406,Random,407,0,3.5520056e-09
407,Random,408,0,3.6664654e-09
408,Random,409,0,4.7077906e-09
409,Random,410,0,3.3929737e-09
410,Random,411,0,2.7136675e-09
411,Random,412,0,3.514769e-09
412,Random,413,0,4.119736e-09
413,Random,414,0,3.7301136e-09
414,Random,415,0,4.3726547e-09
415,Random,416,0,3.9921524e-09
416,Random,417,0,2.8623521e-09
417,Random,418,0,2.8875529e-09
418,Random,419,0,3.7177945e-09
419,Random,420,0,3.0825358e-09
420,Random,421,0,3.1759562e-09
421,Random,422,0,2.5773654e-09
422,Random,423,0,5.4084257e-09
423,Random,424,0,5.39662e-09
424,Random,425,0,4.9599658e-09
425,Random,426,0,5.6978298e-09
426,Random,427,0,5.2938125e-09
427,Random,428,0,5.5461054e-09
428,Random,429,0,9.058549e-09
429,Random,430,0,9.899135e-09
430,Random,431,0,8.788536e-09
431,Random,432,0,7.60061e-09
432,Random,433,0,2.581066e-09
433,Random,434,0,2.596563e-09
434,Random,435,0,2.7498326e-09
435,Random,436,0,3.0556497e-09
436,Random,437,0,3.592205e-09
437,Random,438,0,2.6607172e-09
438,Random,439,0,9.809979e-09
439,Random,440,0,9.335718e-09
440,Random,441,0,1.2533471e-08
441,Random,442,0,1.3769391e-08
442,Random,443,0,1.1843879e-08
443,Random,444,0,1.1847456e-08
444,Random,445,0,1.2935576e-08
445,Random,446,0,1.41227945e-08
446,Random,447,0,1.3688501e-08
447,Random,448,0,7.2377246e-09
448,Random,449,0,5.6872365e-09
449,Random,450,0,2.099937e-09
450,Random,451,0,2.095812e-09
451,Random,452,0,2.2237219e-09
452,Random,453,0,1.8669708e-09
453,Random,454,0,1.901377e-09
454,Random,455,0,2.3481181e-09
455,Random,456,0,2.3959468e-09
456,Random,457,0,3.5513954e-09
457,Random,458,0,2.1833695e-09
458,Random,459,0,1.5225003e-09
459,Random,460,0,1.7112143e-09
460,Random,461,0,2.30215e-09
461,Random,462,0,2.1280646e-09
462,Random,463,0,2.1991942e-09
463,Random,464,0,2.3678273e-09
464,Random,465,0,2.6229325e-09
465,Random,466,0,2.0390654e-09
466,Random,467,0,9.547514e-09
467,Random,468,0,8.789306e-09
468,Random,469,0,6.465494e-09
469,Random,470,0,6.552266e-09
470,Random,471,0,7.55891e-09
471,Random,472,0,5.6853664e-09
472,Random,473,0,5.1175437e-09
473,Random,474,0,2.4325715e-09
474,Random,475,0,1.3180217e-09
475,Random,476,0,1.3393049e-09
476,Random,477,0,1.4970408e-09
477,Random,478,0,1.3763541e-09
478,Random,479,0,1.2884009e-09
479,Random,480,0,1.3894926e-09
480,Random,481,0,1.3766203e-09
481,Random,482,0,1.3359587e-09
482,Random,483,0,1.3552361e-09
483,Random,484,0,1.432448e-09
484,Random,485,0,1.5151377e-09
485,Random,486,0,1.5793101e-09
486,Random,487,0,1.2665131e-09
487,Random,488,0,1.5308739e-09
488,Random,489,0,1.4032647e-09
489,Random,490,0,2.681136e-09
490,Random,491,0,2.12019e-09
491,Random,492,0,2.4574485e-09
492,Random,493,0,1.6022892e-09
493,Random,494,0,1.5727825e-09
494,Random,495,0,1.4477108e-09
495,Random,496,0,1.43908e-09
496,Random,497,0,1.6684877e-09
497,Random,498,0,1.6083266e-09
498,Random,499,0,1.3501344e-09
499,Classification-optimal,1,657,116.99999
500,Classification-optimal,2,655,115.99999
501,Classification-optimal,3,608,115.0
502,Classification-optimal,4,598,114.0
503,Classification-optimal,5,594,113.0
504,Classification-optimal,6,558,111.99999
505,Classification-optimal,7,557,111.00001
506,Classification-optimal,8,468,110.0
507,Classification-optimal,9,464,109.0
508,Classification-optimal,10,458,108.0
509,Classification-optimal,11,421,106.99999
510,Classification-optimal,12,418,106.0
511,Classification-optimal,13,390,105.0
512,Classification-optimal,14,390,105.0
513,Classification-optimal,15,388,103.99999
514,Classification-optimal,16,354,102.99999
515,Classification-optimal,17,333,102.0
516,Classification-optimal,18,350,101.0
517,Classification-optimal,19,354,100.0
518,Classification-optimal,20,354,99.0
519,Classification-optimal,21,335,98.0
520,Classification-optimal,22,338,97.0
521,Classification-optimal,23,340,96.0
522,Classification-optimal,24,307,95.0
523,Classification-optimal,25,299,93.99999
524,Classification-optimal,26,291,92.99999
525,Classification-optimal,27,263,91.99999
526,Classification-optimal,28,258,90.99999
527,Classification-optimal,29,257,90.0
528,Classification-optimal,30,255,89.0
529,Classification-optimal,31,256,88.0
530,Classification-optimal,32,257,87.00001
531,Classification-optimal,33,246,86.0
532,Classification-optimal,34,242,85.0
533,Classification-optimal,35,240,84.0
534,Classification-optimal,36,239,83.0
535,Classification-optimal,37,235,81.99999
536,Classification-optimal,38,228,81.0
537,Classification-optimal,39,219,80.0
538,Classification-optimal,40,210,79.0
539,Classification-optimal,41,212,78.0
540,Classification-optimal,42,212,76.999985
541,Classification-optimal,43,200,75.99999
542,Classification-optimal,44,199,75.0
543,Classification-optimal,45,196,74.0
544,Classification-optimal,46,199,72.99999
545,Classification-optimal,47,202,71.99999
546,Classification-optimal,48,199,71.0
547,Classification-optimal,49,190,70.0
548,Classification-optimal,50,192,69.0
549,Classification-optimal,51,189,68.0
550,Classification-optimal,52,189,67.0
551,Classification-optimal,53,191,66.0
552,Classification-optimal,54,185,65.0
553,Classification-optimal,55,175,64.0
554,Classification-optimal,56,173,63.0
555,Classification-optimal,57,167,62.0
556,Classification-optimal,58,146,61.0
557,Classification-optimal,59,150,60.0
558,Classification-optimal,60,145,59.0
559,Classification-optimal,61,138,58.0
560,Classification-optimal,62,135,57.0
561,Classification-optimal,63,135,56.0
562,Classification-optimal,64,140,55.0
563,Classification-optimal,65,138,54.0
564,Classification-optimal,66,132,52.999992
565,Classification-optimal,67,131,52.0
566,Classification-optimal,68,129,50.999996
567,Classification-optimal,69,126,49.999996
568,Classification-optimal,70,128,49.0
569,Classification-optimal,71,128,48.0
570,Classification-optimal,72,127,47.0
571,Classification-optimal,73,128,45.999992
572,Classification-optimal,74,122,45.0
573,Classification-optimal,75,123,43.999996
574,Classification-optimal,76,113,43.0
575,Classification-optimal,77,113,42.0
576,Classification-optimal,78,105,41.0
577,Classification-optimal,79,103,39.999996
578,Classification-optimal,80,105,39.000004
579,Classification-optimal,81,104,38.0
580,Classification-optimal,82,95,37.0
581,Classification-optimal,83,93,36.0
582,Classification-optimal,84,82,35.0
583,Classification-optimal,85,82,34.0
584,Classification-optimal,86,78,33.0
585,Classification-optimal,87,71,32.0
586,Classification-optimal,88,68,31.0
587,Classification-optimal,89,62,30.000002
588,Classification-optimal,90,62,28.999998
589,Classification-optimal,91,64,28.0
590,Classification-optimal,92,64,26.999998
591,Classification-optimal,93,64,26.0
592,Classification-optimal,94,62,25.0
593,Classification-optimal,95,63,24.0
594,Classification-optimal,96,59,23.000002
595,Classification-optimal,97,57,22.000002
596,Classification-optimal,98,59,21.000002
597,Classification-optimal,99,50,20.000002
598,Classification-optimal,100,47,19.000004
599,Classification-optimal,101,40,18.000002
600,Classification-optimal,102,42,17.000002
601,Classification-optimal,103,39,16.000008
602,Classification-optimal,104,39,15.000006
603,Classification-optimal,105,29,14.000004
604,Classification-optimal,106,19,13.000008
605,Classification-optimal,107,22,12.000015
606,Classification-optimal,108,20,11.000014
607,Classification-optimal,109,13,10.000029
608,Classification-optimal,110,13,9.00003
609,Classification-optimal,111,15,8.000036
610,Classification-optimal,112,15,7.0000305
611,Classification-optimal,113,13,6.000041
612,Classification-optimal,114,11,5.0001884
613,Classification-optimal,115,12,4.0003743
614,Classification-optimal,116,12,4.0000668
615,Classification-optimal,117,13,3.0000587
616,Classification-optimal,118,12,3.00004
617,Classification-optimal,119,11,3.0000308
618,Classification-optimal,120,11,3.0000322
619,Classification-optimal,121,9,2.0001414
620,Classification-optimal,122,9,2.0001235
621,Classification-optimal,123,9,2.000124
622,Classification-optimal,124,11,2.0000403
623,Classification-optimal,125,9,2.0000257
624,Classification-optimal,126,9,2.0000181
625,Classification-optimal,127,7,1.0000817
626,Classification-optimal,128,6,1.000079
627,Classification-optimal,129,7,1.0000539
628,Classification-optimal,130,7,1.000065
629,Classification-optimal,131,7,1.0000548
630,Classification-optimal,132,8,1.0000182
631,Classification-optimal,133,8,1.0000131
632,Classification-optimal,134,0,9.4933464e-05
633,Classification-optimal,135,0,9.134225e-05
634,Classification-optimal,136,0,8.63527e-05
635,Classification-optimal,137,0,9.294978e-05
636,Classification-optimal,138,0,5.9016762e-05
637,Classification-optimal,139,0,7.9183475e-05
638,Classification-optimal,140,0,5.1086903e-05
639,Classification-optimal,141,0,9.253144e-05
640,Classification-optimal,142,0,4.3899738e-05
641,Classification-optimal,143,0,5.7660967e-05
642,Classification-optimal,144,0,5.1593266e-05
643,Classification-optimal,145,0,5.7152512e-05
644,Classification-optimal,146,0,4.946542e-05
645,Classification-optimal,147,0,5.515653e-05
646,Classification-optimal,148,0,3.7496655e-05
647,Classification-optimal,149,0,4.3747714e-05
648,Classification-optimal,150,0,4.1561292e-05
649,Classification-optimal,151,0,3.9683633e-05
650,Classification-optimal,152,0,3.3750388e-05
651,Classification-optimal,153,0,3.6048834e-05
652,Classification-optimal,154,0,3.0390009e-05
653,Classification-optimal,155,0,3.593848e-06
654,Classification-optimal,156,0,3.5731957e-06
655,Classification-optimal,157,0,3.4171235e-06
656,Classification-optimal,158,0,3.2205808e-06
657,Classification-optimal,159,0,3.2016771e-06
658,Classification-optimal,160,0,2.8656514e-06
659,Classification-optimal,161,0,3.18416e-06
660,Classification-optimal,162,0,3.1892396e-06
661,Classification-optimal,163,0,2.530027e-06
662,Classification-optimal,164,0,2.2432864e-06
663,Classification-optimal,165,0,3.2330672e-06
664,Classification-optimal,166,0,2.759724e-06
665,Classification-optimal,167,0,2.4881076e-06
666,Classification-optimal,168,0,2.220063e-06
667,Classification-optimal,169,0,2.8003142e-06
668,Classification-optimal,170,0,2.4509816e-06
669,Classification-optimal,171,0,1.8533705e-06
670,Classification-optimal,172,0,2.0019188e-06
671,Classification-optimal,173,0,1.7262435e-06
672,Classification-optimal,174,0,1.2278132e-06
673,Classification-optimal,175,0,1.4256478e-06
674,Classification-optimal,176,0,1.5256112e-06
675,Classification-optimal,177,0,1.4071815e-06
676,Classification-optimal,178,0,1.0870996e-06
677,Classification-optimal,179,0,1.3579411e-06
678,Classification-optimal,180,0,8.1216086e-07
679,Classification-optimal,181,0,1.1549479e-06
680,Classification-optimal,182,0,8.88341e-07
681,Classification-optimal,183,0,1.1283248e-06
682,Classification-optimal,184,0,1.0000127e-06
683,Classification-optimal,185,0,8.859065e-07
684,Classification-optimal,186,0,1.0894573e-06
685,Classification-optimal,187,0,6.878396e-07
686,Classification-optimal,188,0,1.262189e-06
687,Classification-optimal,189,0,1.3095865e-06
688,Classification-optimal,190,0,1.0388675e-06
689,Classification-optimal,191,0,1.2477357e-06
690,Classification-optimal,192,0,1.2557447e-06
691,Classification-optimal,193,0,1.0188269e-06
692,Classification-optimal,194,0,9.985986e-07
693,Classification-optimal,195,0,1.2051681e-06
694,Classification-optimal,196,0,1.0797409e-06
695,Classification-optimal,197,0,9.811129e-07
696,Classification-optimal,198,0,1.1318583e-06
697,Classification-optimal,199,0,8.1438054e-07
698,Classification-optimal,200,0,9.9249e-07
699,Classification-optimal,201,0,9.026912e-07
700,Classification-optimal,202,0,1.0725779e-06
701,Classification-optimal,203,0,1.0085167e-06
702,Classification-optimal,204,0,1.1914176e-06
703,Classification-optimal,205,0,1.2438129e-06
704,Classification-optimal,206,0,9.5142417e-07
705,Classification-optimal,207,0,1.2471863e-06
706,Classification-optimal,208,0,1.0398454e-06
707,Classification-optimal,209,0,1.0640745e-06
708,Classification-optimal,210,0,8.6167665e-07
709,Classification-optimal,211,0,9.49777e-07
710,Classification-optimal,212,0,9.812172e-07
711,Classification-optimal,213,0,1.2305529e-06
712,Classification-optimal,214,0,1.2828734e-06
713,Classification-optimal,215,0,1.1257828e-06
714,Classification-optimal,216,0,1.142521e-06
715,Classification-optimal,217,0,1.1363993e-06
716,Classification-optimal,218,0,9.758672e-07
717,Classification-optimal,219,0,1.1082009e-06
718,Classification-optimal,220,0,1.0299553e-06
719,Classification-optimal,221,0,8.4617983e-07
720,Classification-optimal,222,0,7.581412e-07
721,Classification-optimal,223,0,8.3074457e-07
722,Classification-optimal,224,0,1.0418801e-06
723,Classification-optimal,225,0,8.6129654e-07
724,Classification-optimal,226,0,9.718356e-07
725,Classification-optimal,227,0,1.0015676e-06
726,Classification-optimal,228,0,8.4063237e-07
727,Classification-optimal,229,0,1.2394589e-06
728,Classification-optimal,230,0,1.111198e-06
729,Classification-optimal,231,0,1.196203e-06
730,Classification-optimal,232,0,1.1104854e-06
731,Classification-optimal,233,0,1.253539e-06
732,Classification-optimal,234,0,1.2081816e-06
733,Classification-optimal,235,0,9.945611e-07
734,Classification-optimal,236,0,1.0711713e-06
735,Classification-optimal,237,0,7.6549674e-07
736,Classification-optimal,238,0,4.5611358e-07
737,Classification-optimal,239,0,6.89288e-07
738,Classification-optimal,240,0,7.4738495e-07
739,Classification-optimal,241,0,7.0727185e-07
740,Classification-optimal,242,0,3.8793564e-07
741,Classification-optimal,243,0,5.983879e-07
742,Classification-optimal,244,0,3.6940648e-07
743,Classification-optimal,245,0,4.5622238e-07
744,Classification-optimal,246,0,4.1236208e-07
745,Classification-optimal,247,0,4.260084e-07
746,Classification-optimal,248,0,4.6572276e-07
747,Classification-optimal,249,0,3.5385375e-07
748,Classification-optimal,250,0,4.460813e-07
749,Classification-optimal,251,0,4.0178267e-07
750,Classification-optimal,252,0,4.8837364e-07
751,Classification-optimal,253,0,3.568756e-07
752,Classification-optimal,254,0,4.2389524e-07
753,Classification-optimal,255,0,4.4639006e-07
754,Classification-optimal,256,0,4.3411515e-07
755,Classification-optimal,257,0,4.1537422e-07
756,Classification-optimal,258,0,4.811626e-07
757,Classification-optimal,259,0,4.6069871e-07
758,Classification-optimal,260,0,5.7368993e-07
759,Classification-optimal,261,0,4.7198785e-07
760,Classification-optimal,262,0,4.5880236e-07
761,Classification-optimal,263,0,4.866154e-07
762,Classification-optimal,264,0,5.0686674e-07
763,Classification-optimal,265,0,5.107324e-07
764,Classification-optimal,266,0,5.028569e-07
765,Classification-optimal,267,0,5.053223e-07
766,Classification-optimal,268,0,4.7696193e-07
767,Classification-optimal,269,0,6.6842733e-07
768,Classification-optimal,270,0,1.8657838e-07
769,Classification-optimal,271,0,1.2578806e-07
770,Classification-optimal,272,0,1.2489838e-07
771,Classification-optimal,273,0,1.4051409e-07
772,Classification-optimal,274,0,1.514159e-07
773,Classification-optimal,275,0,1.5197394e-07
774,Classification-optimal,276,0,1.4450139e-07
775,Classification-optimal,277,0,1.17635494e-07
776,Classification-optimal,278,0,1.773353e-07
777,Classification-optimal,279,0,1.5839484e-07
778,Classification-optimal,280,0,1.2334834e-07
779,Classification-optimal,281,0,1.5341939e-07
780,Classification-optimal,282,0,1.4529165e-07
781,Classification-optimal,283,0,1.262147e-07
782,Classification-optimal,284,0,1.4158663e-07
783,Classification-optimal,285,0,1.214018e-07
784,Classification-optimal,286,0,1.0569159e-07
785,Classification-optimal,287,0,1.4779926e-07
786,Classification-optimal,288,0,1.2704315e-07
787,Classification-optimal,289,0,1.2743284e-07
788,Classification-optimal,290,0,1.262114e-07
789,Classification-optimal,291,0,1.5969958e-07
790,Classification-optimal,292,0,1.458591e-07
791,Classification-optimal,293,0,1.4242627e-07
792,Classification-optimal,294,0,1.1716249e-07
793,Classification-optimal,295,0,1.1635546e-07
794,Classification-optimal,296,0,1.4252745e-07
795,Classification-optimal,297,0,1.1811177e-07
796,Classification-optimal,298,0,1.3464688e-07
797,Classification-optimal,299,0,1.1718648e-07
798,Classification-optimal,300,0,1.13408014e-07
799,Classification-optimal,301,0,1.12544e-07
800,Classification-optimal,302,0,8.081349e-08
801,Classification-optimal,303,0,7.3480685e-08
802,Classification-optimal,304,0,9.956268e-08
803,Classification-optimal,305,0,1.0194225e-07
804,Classification-optimal,306,0,8.832156e-08
805,Classification-optimal,307,0,9.250789e-08
806,Classification-optimal,308,0,1.0560876e-07
807,Classification-optimal,309,0,8.737681e-08
808,Classification-optimal,310,0,1.1277075e-07
809,Classification-optimal,311,0,9.342491e-08
810,Classification-optimal,312,0,7.914356e-08
811,Classification-optimal,313,0,6.8269074e-08
812,Classification-optimal,314,0,7.8867515e-08
813,Classification-optimal,315,0,8.565144e-08
814,Classification-optimal,316,0,8.305273e-08
815,Classification-optimal,317,0,8.0339305e-08
816,Classification-optimal,318,0,8.896157e-08
817,Classification-optimal,319,0,1.0071638e-07
818,Classification-optimal,320,0,7.1641225e-08
819,Classification-optimal,321,0,8.964414e-08
820,Classification-optimal,322,0,6.902223e-08
821,Classification-optimal,323,0,7.4169236e-08
822,Classification-optimal,324,0,6.427485e-08
823,Classification-optimal,325,0,8.4932196e-08
824,Classification-optimal,326,0,8.9826095e-08
825,Classification-optimal,327,0,7.4614526e-08
826,Classification-optimal,328,0,8.070615e-08
827,Classification-optimal,329,0,8.4523585e-08
828,Classification-optimal,330,0,6.7383844e-08
829,Classification-optimal,331,0,8.183189e-08
830,Classification-optimal,332,0,7.174018e-08
831,Classification-optimal,333,0,9.557141e-08
832,Classification-optimal,334,0,8.0131244e-08
833,Classification-optimal,335,0,8.8908365e-08
834,Classification-optimal,336,0,7.025841e-08
835,Classification-optimal,337,0,7.5800536e-08
836,Classification-optimal,338,0,7.683567e-08
837,Classification-optimal,339,0,7.250737e-08
838,Classification-optimal,340,0,8.382774e-08
839,Classification-optimal,341,0,1.0126983e-07
840,Classification-optimal,342,0,7.761533e-08
841,Classification-optimal,343,0,8.889584e-08
842,Classification-optimal,344,0,7.984664e-08
843,Classification-optimal,345,0,7.8463586e-08
844,Classification-optimal,346,0,6.663874e-08
845,Classification-optimal,347,0,7.877598e-08
846,Classification-optimal,348,0,8.948242e-08
847,Classification-optimal,349,0,7.8112684e-08
848,Classification-optimal,350,0,9.56417e-08
849,Classification-optimal,351,0,7.609828e-08
850,Classification-optimal,352,0,7.582898e-08
851,Classification-optimal,353,0,8.4489656e-08
852,Classification-optimal,354,0,2.8144603e-08
853,Classification-optimal,355,0,2.794713e-08
854,Classification-optimal,356,0,2.7036391e-08
855,Classification-optimal,357,0,2.2419082e-08
856,Classification-optimal,358,0,2.910687e-08
857,Classification-optimal,359,0,2.2934882e-08
858,Classification-optimal,360,0,2.5034726e-08
859,Classification-optimal,361,0,2.5580574e-08
860,Classification-optimal,362,0,2.8715567e-08
861,Classification-optimal,363,0,3.2665913e-08
862,Classification-optimal,364,0,2.7556085e-08
863,Classification-optimal,365,0,3.195794e-08
864,Classification-optimal,366,0,3.0678926e-08
865,Classification-optimal,367,0,3.4683122e-08
866,Classification-optimal,368,0,2.1396227e-08
867,Classification-optimal,369,0,3.096963e-08
868,Classification-optimal,370,0,2.8820216e-08
869,Classification-optimal,371,0,3.203045e-08
870,Classification-optimal,372,0,3.030802e-08
871,Classification-optimal,373,0,3.8169404e-08
872,Classification-optimal,374,0,2.3607999e-08
873,Classification-optimal,375,0,2.4967624e-08
874,Classification-optimal,376,0,3.0967264e-08
875,Classification-optimal,377,0,2.365395e-08
876,Classification-optimal,378,0,1.9799037e-08
877,Classification-optimal,379,0,2.2395295e-08
878,Classification-optimal,380,0,2.4844407e-08
879,Classification-optimal,381,0,2.317289e-08
880,Classification-optimal,382,0,2.2949571e-08
881,Classification-optimal,383,0,2.0796822e-08
882,Classification-optimal,384,0,2.5973073e-08
883,Classification-optimal,385,0,2.565388e-08
884,Classification-optimal,386,0,2.5301167e-08
885,Classification-optimal,387,0,2.194514e-08
886,Classification-optimal,388,0,2.2315712e-08
887,Classification-optimal,389,0,2.2838647e-08
888,Classification-optimal,390,0,2.871298e-08
889,Classification-optimal,391,0,2.2995614e-08
890,Classification-optimal,392,0,2.4071392e-08
891,Classification-optimal,393,0,2.7199867e-08
892,Classification-optimal,394,0,2.6327305e-08
893,Classification-optimal,395,0,2.9258233e-08
894,Classification-optimal,396,0,3.1927186e-08
895,Classification-optimal,397,0,2.4479618e-08
896,Classification-optimal,398,0,3.4413286e-08
897,Classification-optimal,399,0,3.0235178e-08
898,Classification-optimal,400,0,2.4760633e-08
899,Classification-optimal,401,0,3.1332107e-08
900,Classification-optimal,402,0,3.1911355e-08
901,Classification-optimal,403,0,3.0990304e-08
902,Classification-optimal,404,0,3.6201254e-08
903,Classification-optimal,405,0,3.6016345e-08
904,Classification-optimal,406,0,4.145958e-08
905,Classification-optimal,407,0,4.894477e-08
906,Classification-optimal,408,0,3.7319282e-08
907,Classification-optimal,409,0,1.9722652e-08
908,Classification-optimal,410,0,2.1074642e-08
909,Classification-optimal,411,0,2.3134657e-08
910,Classification-optimal,412,0,3.1702434e-08
911,Classification-optimal,413,0,3.0346154e-08
912,Classification-optimal,414,0,3.400545e-08
913,Classification-optimal,415,0,2.94698e-08
914,Classification-optimal,416,0,2.9421056e-08
915,Classification-optimal,417,0,3.6617834e-08
916,Classification-optimal,418,0,2.8248104e-08
917,Classification-optimal,419,0,2.7096421e-08
918,Classification-optimal,420,0,2.3850017e-08
919,Classification-optimal,421,0,2.6486548e-08
920,Classification-optimal,422,0,2.3293309e-08
921,Classification-optimal,423,0,8.798825e-09
922,Classification-optimal,424,0,1.5202033e-08
923,Classification-optimal,425,0,1.10506715e-08
924,Classification-optimal,426,0,9.947732e-09
925,Classification-optimal,427,0,8.942601e-09
926,Classification-optimal,428,0,1.03246895e-08
927,Classification-optimal,429,0,1.2930656e-08
928,Classification-optimal,430,0,1.0852631e-08
929,Classification-optimal,431,0,8.635257e-09
930,Classification-optimal,432,0,1.07672555e-08
931,Classification-optimal,433,0,1.20189085e-08
932,Classification-optimal,434,0,1.1232608e-08
933,Classification-optimal,435,0,8.883083e-09
934,Classification-optimal,436,0,8.902745e-09
935,Classification-optimal,437,0,1.00769935e-08
936,Classification-optimal,438,0,8.832034e-09
937,Classification-optimal,439,0,7.80123e-09
938,Classification-optimal,440,0,8.77184e-09
939,Classification-optimal,441,0,1.0564246e-08
940,Classification-optimal,442,0,1.1970858e-08
941,Classification-optimal,443,0,9.3764605e-09
942,Classification-optimal,444,0,1.2599348e-08
943,Classification-optimal,445,0,1.213301e-08
944,Classification-optimal,446,0,1.6726345e-08
945,Classification-optimal,447,0,1.05182725e-08
946,Classification-optimal,448,0,7.868543e-09
947,Classification-optimal,449,0,9.344192e-09
948,Classification-optimal,450,0,1.5085913e-08
949,Classification-optimal,451,0,1.2635567e-08
950,Classification-optimal,452,0,9.855789e-09
951,Classification-optimal,453,0,1.2634402e-08
952,Classification-optimal,454,0,9.055137e-09
953,Classification-optimal,455,0,9.772144e-09
954,Classification-optimal,456,0,1.3188714e-08
955,Classification-optimal,457,0,1.707178e-08
956,Classification-optimal,458,0,1.8552786e-08
957,Classification-optimal,459,0,6.631854e-09
958,Classification-optimal,460,0,6.9043136e-09
959,Classification-optimal,461,0,8.139166e-09
960,Classification-optimal,462,0,6.7057053e-09
961,Classification-optimal,463,0,4.2433355e-09
962,Classification-optimal,464,0,5.2231375e-09
963,Classification-optimal,465,0,5.0271405e-09
964,Classification-optimal,466,0,1.30942155e-08
965,Classification-optimal,467,0,8.047513e-09
966,Classification-optimal,468,0,8.198788e-09
967,Classification-optimal,469,0,8.277393e-09
968,Classification-optimal,470,0,4.461337e-09
969,Classification-optimal,471,0,4.621193e-09
970,Classification-optimal,472,0,5.0911875e-09
971,Classification-optimal,473,0,5.30081e-09
972,Classification-optimal,474,0,5.3699742e-09
973,Classification-optimal,475,0,5.986519e-09
974,Classification-optimal,476,0,6.041818e-09
975,Classification-optimal,477,0,4.488683e-09
976,Classification-optimal,478,0,4.0121733e-09
977,Classification-optimal,479,0,4.3910795e-09
978,Classification-optimal,480,0,2.0243036e-09
979,Classification-optimal,481,0,1.8960342e-09
980,Classification-optimal,482,0,2.211921e-09
981,Classification-optimal,483,0,2.1361666e-09
982,Classification-optimal,484,0,1.8532845e-09
983,Classification-optimal,485,0,2.3265168e-09
984,Classification-optimal,486,0,1.9637638e-09
985,Classification-optimal,487,0,9.113337e-10
986,Classification-optimal,488,0,9.834467e-10
987,Classification-optimal,489,0,9.520084e-10
988,Classification-optimal,490,0,9.0386076e-10
989,Classification-optimal,491,0,9.78471e-10
990,Classification-optimal,492,0,9.308207e-10
991,Classification-optimal,493,0,1.0583925e-09
992,Classification-optimal,494,0,9.435989e-10
993,Classification-optimal,495,0,9.575485e-10
994,Classification-optimal,496,0,5.404814e-10
995,Classification-optimal,497,0,5.7506666e-10
996,Classification-optimal,498,0,5.5457133e-10
997,Classification-optimal,499,0,7.6757345e-10
998,Reconstruction-optimal,1,829,116.99999
999,Reconstruction-optimal,2,829,116.0
1000,Reconstruction-optimal,3,829,115.0
1001,Reconstruction-optimal,4,829,114.0
1002,Reconstruction-optimal,5,826,112.999985
1003,Reconstruction-optimal,6,826,112.0
1004,Reconstruction-optimal,7,826,110.99999
1005,Reconstruction-optimal,8,820,110.0
1006,Reconstruction-optimal,9,818,109.00001
1007,Reconstruction-optimal,10,818,108.0
1008,Reconstruction-optimal,11,813,107.0
1009,Reconstruction-optimal,12,811,105.99999
1010,Reconstruction-optimal,13,811,104.99999
1011,Reconstruction-optimal,14,811,103.99999
1012,Reconstruction-optimal,15,811,103.00001
1013,Reconstruction-optimal,16,808,102.0
1014,Reconstruction-optimal,17,808,101.0
1015,Reconstruction-optimal,18,808,100.0
1016,Reconstruction-optimal,19,808,99.0
1017,Reconstruction-optimal,20,808,98.00001
1018,Reconstruction-optimal,21,806,97.0
1019,Reconstruction-optimal,22,803,95.99999
1020,Reconstruction-optimal,23,803,95.0
1021,Reconstruction-optimal,24,803,94.0
1022,Reconstruction-optimal,25,801,93.0
1023,Reconstruction-optimal,26,803,92.0
1024,Reconstruction-optimal,27,803,91.0
1025,Reconstruction-optimal,28,800,90.0
1026,Reconstruction-optimal,29,800,88.99999
1027,Reconstruction-optimal,30,800,87.99999
1028,Reconstruction-optimal,31,783,87.0
1029,Reconstruction-optimal,32,783,86.0
1030,Reconstruction-optimal,33,781,85.0
1031,Reconstruction-optimal,34,779,83.99999
1032,Reconstruction-optimal,35,776,83.0
1033,Reconstruction-optimal,36,774,82.0
1034,Reconstruction-optimal,37,772,81.0
1035,Reconstruction-optimal,38,770,80.0
1036,Reconstruction-optimal,39,770,79.0
1037,Reconstruction-optimal,40,769,78.0
1038,Reconstruction-optimal,41,769,77.0
1039,Reconstruction-optimal,42,767,76.00001
1040,Reconstruction-optimal,43,767,75.0
1041,Reconstruction-optimal,44,765,74.0
1042,Reconstruction-optimal,45,765,73.0
1043,Reconstruction-optimal,46,758,72.0
1044,Reconstruction-optimal,47,758,71.0
1045,Reconstruction-optimal,48,758,70.0
1046,Reconstruction-optimal,49,758,69.0
1047,Reconstruction-optimal,50,756,68.0
1048,Reconstruction-optimal,51,756,67.0
1049,Reconstruction-optimal,52,755,66.0
1050,Reconstruction-optimal,53,750,64.99999
1051,Reconstruction-optimal,54,747,63.999996
1052,Reconstruction-optimal,55,747,62.999996
1053,Reconstruction-optimal,56,749,62.000004
1054,Reconstruction-optimal,57,749,61.0
1055,Reconstruction-optimal,58,747,60.0
1056,Reconstruction-optimal,59,748,59.000008
1057,Reconstruction-optimal,60,747,58.0
1058,Reconstruction-optimal,61,743,56.999996
1059,Reconstruction-optimal,62,740,56.0
1060,Reconstruction-optimal,63,733,54.999996
1061,Reconstruction-optimal,64,729,54.0
1062,Reconstruction-optimal,65,730,52.999996
1063,Reconstruction-optimal,66,730,52.0
1064,Reconstruction-optimal,67,717,50.999996
1065,Reconstruction-optimal,68,719,50.0
1066,Reconstruction-optimal,69,716,49.0
1067,Reconstruction-optimal,70,712,48.0
1068,Reconstruction-optimal,71,712,46.999996
1069,Reconstruction-optimal,72,712,46.0
1070,Reconstruction-optimal,73,703,45.0
1071,Reconstruction-optimal,74,700,43.999996
1072,Reconstruction-optimal,75,691,43.0
1073,Reconstruction-optimal,76,684,42.0
1074,Reconstruction-optimal,77,670,41.0
1075,Reconstruction-optimal,78,665,40.0
1076,Reconstruction-optimal,79,667,39.0
1077,Reconstruction-optimal,80,667,38.0
1078,Reconstruction-optimal,81,666,36.999996
1079,Reconstruction-optimal,82,664,35.999996
1080,Reconstruction-optimal,83,658,35.0
1081,Reconstruction-optimal,84,652,34.0
1082,Reconstruction-optimal,85,643,33.0
1083,Reconstruction-optimal,86,641,32.0
1084,Reconstruction-optimal,87,638,31.0
1085,Reconstruction-optimal,88,633,30.000002
1086,Reconstruction-optimal,89,629,29.0
1087,Reconstruction-optimal,90,629,27.999998
1088,Reconstruction-optimal,91,628,27.0
1089,Reconstruction-optimal,92,623,26.0
1090,Reconstruction-optimal,93,616,25.0
1091,Reconstruction-optimal,94,612,24.0
1092,Reconstruction-optimal,95,606,23.0
1093,Reconstruction-optimal,96,604,22.0
1094,Reconstruction-optimal,97,604,21.0
1095,Reconstruction-optimal,98,597,20.0
1096,Reconstruction-optimal,99,591,19.0
1097,Reconstruction-optimal,100,591,18.0
1098,Reconstruction-optimal,101,590,17.0
1099,Reconstruction-optimal,102,582,15.999998
1100,Reconstruction-optimal,103,583,14.999998
1101,Reconstruction-optimal,104,575,14.0
1102,Reconstruction-optimal,105,557,12.999999
1103,Reconstruction-optimal,106,555,11.999999
1104,Reconstruction-optimal,107,548,11.0
1105,Reconstruction-optimal,108,548,10.0
1106,Reconstruction-optimal,109,535,9.0
1107,Reconstruction-optimal,110,517,8.0
1108,Reconstruction-optimal,111,500,7.0
1109,Reconstruction-optimal,112,491,6.0000005
1110,Reconstruction-optimal,113,478,5.0000005
1111,Reconstruction-optimal,114,458,4.0
1112,Reconstruction-optimal,115,433,3.0
1113,Reconstruction-optimal,116,409,1.9999999
1114,Reconstruction-optimal,117,306,1.0
1115,Reconstruction-optimal,118,0,1.6847874e-10
1116,Reconstruction-optimal,119,0,1.3010293e-10
1117,Reconstruction-optimal,120,0,2.1652644e-10
1118,Reconstruction-optimal,121,0,1.239957e-10
1119,Reconstruction-optimal,122,0,1.4377541e-10
1120,Reconstruction-optimal,123,0,1.1399984e-10
1121,Reconstruction-optimal,124,0,1.2934918e-10
1122,Reconstruction-optimal,125,0,1.3632588e-10
1123,Reconstruction-optimal,126,0,1.7002433e-10
1124,Reconstruction-optimal,127,0,1.4452661e-10
1125,Reconstruction-optimal,128,0,1.2118041e-10
1126,Reconstruction-optimal,129,0,1.2493817e-10
1127,Reconstruction-optimal,130,0,1.4257814e-10
1128,Reconstruction-optimal,131,0,1.6251217e-10
1129,Reconstruction-optimal,132,0,1.2766527e-10
1130,Reconstruction-optimal,133,0,1.7368648e-10
1131,Reconstruction-optimal,134,0,1.5880773e-10
1132,Reconstruction-optimal,135,0,1.3460312e-10
1133,Reconstruction-optimal,136,0,1.545934e-10
1134,Reconstruction-optimal,137,0,1.3255479e-10
1135,Reconstruction-optimal,138,0,1.4467302e-10
1136,Reconstruction-optimal,139,0,1.6224055e-10
1137,Reconstruction-optimal,140,0,1.7099099e-10
1138,Reconstruction-optimal,141,0,1.4640808e-10
1139,Reconstruction-optimal,142,0,1.1618523e-10
1140,Reconstruction-optimal,143,0,1.3094553e-10
1141,Reconstruction-optimal,144,0,1.4584048e-10
1142,Reconstruction-optimal,145,0,1.5263074e-10
1143,Reconstruction-optimal,146,0,1.9300403e-10
1144,Reconstruction-optimal,147,0,1.427823e-10
1145,Reconstruction-optimal,148,0,1.2252874e-10
1146,Reconstruction-optimal,149,0,1.5044495e-10
1147,Reconstruction-optimal,150,0,1.3440357e-10
1148,Reconstruction-optimal,151,0,1.4199714e-10
1149,Reconstruction-optimal,152,0,1.5319918e-10
1150,Reconstruction-optimal,153,0,1.2666919e-10
1151,Reconstruction-optimal,154,0,1.175985e-10
1152,Reconstruction-optimal,155,0,1.22513e-10
1153,Reconstruction-optimal,156,0,1.1457311e-10
1154,Reconstruction-optimal,157,0,1.5447696e-10
1155,Reconstruction-optimal,158,0,1.2882281e-10
1156,Reconstruction-optimal,159,0,1.4107059e-10
1157,Reconstruction-optimal,160,0,1.6197409e-10
1158,Reconstruction-optimal,161,0,1.2123243e-10
1159,Reconstruction-optimal,162,0,1.0922381e-10
1160,Reconstruction-optimal,163,0,1.5930056e-10
1161,Reconstruction-optimal,164,0,1.186481e-10
1162,Reconstruction-optimal,165,0,1.2095697e-10
1163,Reconstruction-optimal,166,0,1.5436592e-10
1164,Reconstruction-optimal,167,0,1.190991e-10
1165,Reconstruction-optimal,168,0,1.1963905e-10
1166,Reconstruction-optimal,169,0,1.256304e-10
1167,Reconstruction-optimal,170,0,1.381272e-10
1168,Reconstruction-optimal,171,0,1.486454e-10
1169,Reconstruction-optimal,172,0,1.6011208e-10
1170,Reconstruction-optimal,173,0,1.7247985e-10
1171,Reconstruction-optimal,174,0,1.8848814e-10
1172,Reconstruction-optimal,175,0,1.8225146e-10
1173,Reconstruction-optimal,176,0,1.4431403e-10
1174,Reconstruction-optimal,177,0,1.5649476e-10
1175,Reconstruction-optimal,178,0,1.1766163e-10
1176,Reconstruction-optimal,179,0,1.3308613e-10
1177,Reconstruction-optimal,180,0,1.2956046e-10
1178,Reconstruction-optimal,181,0,1.3580927e-10
1179,Reconstruction-optimal,182,0,1.5127281e-10
1180,Reconstruction-optimal,183,0,1.6268444e-10
1181,Reconstruction-optimal,184,0,1.2114383e-10
1182,Reconstruction-optimal,185,0,1.3872894e-10
1183,Reconstruction-optimal,186,0,1.6302197e-10
1184,Reconstruction-optimal,187,0,1.3854427e-10
1185,Reconstruction-optimal,188,0,1.6943062e-10
1186,Reconstruction-optimal,189,0,1.6880035e-10
1187,Reconstruction-optimal,190,0,1.4708186e-10
1188,Reconstruction-optimal,191,0,1.332703e-10
1189,Reconstruction-optimal,192,0,1.3629436e-10
1190,Reconstruction-optimal,193,0,1.498038e-10
1191,Reconstruction-optimal,194,0,1.6043288e-10
1192,Reconstruction-optimal,195,0,1.4199572e-10
1193,Reconstruction-optimal,196,0,1.710462e-10
1194,Reconstruction-optimal,197,0,1.5110146e-10
1195,Reconstruction-optimal,198,0,1.7489774e-10
1196,Reconstruction-optimal,199,0,2.127337e-10
1197,Reconstruction-optimal,200,0,1.6369707e-10
1198,Reconstruction-optimal,201,0,1.3986168e-10
1199,Reconstruction-optimal,202,0,1.4991856e-10
1200,Reconstruction-optimal,203,0,1.5701092e-10
1201,Reconstruction-optimal,204,0,1.4406892e-10
1202,Reconstruction-optimal,205,0,1.5912922e-10
1203,Reconstruction-optimal,206,0,1.7971451e-10
1204,Reconstruction-optimal,207,0,1.505998e-10
1205,Reconstruction-optimal,208,0,1.3634327e-10
1206,Reconstruction-optimal,209,0,1.3806124e-10
1207,Reconstruction-optimal,210,0,1.6897142e-10
1208,Reconstruction-optimal,211,0,1.6124305e-10
1209,Reconstruction-optimal,212,0,1.6250641e-10
1210,Reconstruction-optimal,213,0,1.7335205e-10
1211,Reconstruction-optimal,214,0,1.4232325e-10
1212,Reconstruction-optimal,215,0,1.7980412e-10
1213,Reconstruction-optimal,216,0,1.8054741e-10
1214,Reconstruction-optimal,217,0,1.4708937e-10
1215,Reconstruction-optimal,218,0,1.8933405e-10
1216,Reconstruction-optimal,219,0,1.7249116e-10
1217,Reconstruction-optimal,220,0,1.6295354e-10
1218,Reconstruction-optimal,221,0,1.380463e-10
1219,Reconstruction-optimal,222,0,1.5299534e-10
1220,Reconstruction-optimal,223,0,1.2889438e-10
1221,Reconstruction-optimal,224,0,1.5227579e-10
1222,Reconstruction-optimal,225,0,1.3255302e-10
1223,Reconstruction-optimal,226,0,1.3293311e-10
1224,Reconstruction-optimal,227,0,1.3921225e-10
1225,Reconstruction-optimal,228,0,1.5131701e-10
1226,Reconstruction-optimal,229,0,1.7117474e-10
1227,Reconstruction-optimal,230,0,1.3626499e-10
1228,Reconstruction-optimal,231,0,1.6328178e-10
1229,Reconstruction-optimal,232,0,1.3691165e-10
1230,Reconstruction-optimal,233,0,1.5142448e-10
1231,Reconstruction-optimal,234,0,1.8711135e-10
1232,Reconstruction-optimal,235,0,1.6095592e-10
1233,Reconstruction-optimal,236,0,1.5282617e-10
1234,Reconstruction-optimal,237,0,1.5068362e-10
1235,Reconstruction-optimal,238,0,1.3726208e-10
1236,Reconstruction-optimal,239,0,1.6482168e-10
1237,Reconstruction-optimal,240,0,1.7148546e-10
1238,Reconstruction-optimal,241,0,1.6762099e-10
1239,Reconstruction-optimal,242,0,1.4738549e-10
1240,Reconstruction-optimal,243,0,1.3322424e-10
1241,Reconstruction-optimal,244,0,1.5596086e-10
1242,Reconstruction-optimal,245,0,1.602318e-10
1243,Reconstruction-optimal,246,0,1.7091999e-10
1244,Reconstruction-optimal,247,0,1.5352548e-10
1245,Reconstruction-optimal,248,0,1.4705846e-10
1246,Reconstruction-optimal,249,0,1.5005765e-10
1247,Reconstruction-optimal,250,0,1.3760709e-10
1248,Reconstruction-optimal,251,0,1.6750508e-10
1249,Reconstruction-optimal,252,0,1.4362128e-10
1250,Reconstruction-optimal,253,0,1.5628275e-10
1251,Reconstruction-optimal,254,0,1.5053085e-10
1252,Reconstruction-optimal,255,0,1.6788364e-10
1253,Reconstruction-optimal,256,0,1.4052924e-10
1254,Reconstruction-optimal,257,0,1.2571191e-10
1255,Reconstruction-optimal,258,0,1.5124146e-10
1256,Reconstruction-optimal,259,0,1.38422e-10
1257,Reconstruction-optimal,260,0,1.3595677e-10
1258,Reconstruction-optimal,261,0,1.4775875e-10
1259,Reconstruction-optimal,262,0,1.478279e-10
1260,Reconstruction-optimal,263,0,1.3695019e-10
1261,Reconstruction-optimal,264,0,1.5638356e-10
1262,Reconstruction-optimal,265,0,1.3597873e-10
1263,Reconstruction-optimal,266,0,1.2933624e-10
1264,Reconstruction-optimal,267,0,1.2502376e-10
1265,Reconstruction-optimal,268,0,1.3172677e-10
1266,Reconstruction-optimal,269,0,1.550111e-10
1267,Reconstruction-optimal,270,0,1.3807921e-10
1268,Reconstruction-optimal,271,0,1.5184516e-10
1269,Reconstruction-optimal,272,0,1.5987464e-10
1270,Reconstruction-optimal,273,0,1.6508042e-10
1271,Reconstruction-optimal,274,0,1.5460207e-10
1272,Reconstruction-optimal,275,0,1.7119413e-10
1273,Reconstruction-optimal,276,0,1.438458e-10
1274,Reconstruction-optimal,277,0,1.4724556e-10
1275,Reconstruction-optimal,278,0,1.2475686e-10
1276,Reconstruction-optimal,279,0,1.4758697e-10
1277,Reconstruction-optimal,280,0,1.5191463e-10
1278,Reconstruction-optimal,281,0,1.5559137e-10
1279,Reconstruction-optimal,282,0,1.7554688e-10
1280,Reconstruction-optimal,283,0,1.6619006e-10
1281,Reconstruction-optimal,284,0,1.5056204e-10
1282,Reconstruction-optimal,285,0,1.5054802e-10
1283,Reconstruction-optimal,286,0,1.44145e-10
1284,Reconstruction-optimal,287,0,1.470955e-10
1285,Reconstruction-optimal,288,0,1.3367134e-10
1286,Reconstruction-optimal,289,0,1.35678e-10
1287,Reconstruction-optimal,290,0,1.3251297e-10
1288,Reconstruction-optimal,291,0,1.3175826e-10
1289,Reconstruction-optimal,292,0,1.3027332e-10
1290,Reconstruction-optimal,293,0,1.426702e-10
1291,Reconstruction-optimal,294,0,1.2723408e-10
1292,Reconstruction-optimal,295,0,1.6006715e-10
1293,Reconstruction-optimal,296,0,1.2534311e-10
1294,Reconstruction-optimal,297,0,1.3032925e-10
1295,Reconstruction-optimal,298,0,1.2570754e-10
1296,Reconstruction-optimal,299,0,1.6320068e-10
1297,Reconstruction-optimal,300,0,1.3606588e-10
1298,Reconstruction-optimal,301,0,1.4010751e-10
1299,Reconstruction-optimal,302,0,1.2581908e-10
1300,Reconstruction-optimal,303,0,1.32497e-10
1301,Reconstruction-optimal,304,0,1.221225e-10
1302,Reconstruction-optimal,305,0,1.4410947e-10
1303,Reconstruction-optimal,306,0,1.4442728e-10
1304,Reconstruction-optimal,307,0,1.4037513e-10
1305,Reconstruction-optimal,308,0,1.4010376e-10
1306,Reconstruction-optimal,309,0,1.3673826e-10
1307,Reconstruction-optimal,310,0,1.5204503e-10
1308,Reconstruction-optimal,311,0,1.3998482e-10
1309,Reconstruction-optimal,312,0,1.4442691e-10
1310,Reconstruction-optimal,313,0,1.4255129e-10
1311,Reconstruction-optimal,314,0,1.5190871e-10
1312,Reconstruction-optimal,315,0,1.4033714e-10
1313,Reconstruction-optimal,316,0,1.484411e-10
1314,Reconstruction-optimal,317,0,1.7997401e-10
1315,Reconstruction-optimal,318,0,1.441974e-10
1316,Reconstruction-optimal,319,0,1.5789178e-10
1317,Reconstruction-optimal,320,0,1.2487036e-10
1318,Reconstruction-optimal,321,0,1.1358197e-10
1319,Reconstruction-optimal,322,0,1.5492942e-10
1320,Reconstruction-optimal,323,0,1.6006414e-10
1321,Reconstruction-optimal,324,0,1.315929e-10
1322,Reconstruction-optimal,325,0,1.377772e-10
1323,Reconstruction-optimal,326,0,1.2898341e-10
1324,Reconstruction-optimal,327,0,1.3509574e-10
1325,Reconstruction-optimal,328,0,1.2902741e-10
1326,Reconstruction-optimal,329,0,1.174072e-10
1327,Reconstruction-optimal,330,0,1.4937289e-10
1328,Reconstruction-optimal,331,0,1.3991805e-10
1329,Reconstruction-optimal,332,0,1.4916617e-10
1330,Reconstruction-optimal,333,0,1.4555354e-10
1331,Reconstruction-optimal,334,0,1.4206843e-10
1332,Reconstruction-optimal,335,0,1.3084651e-10
1333,Reconstruction-optimal,336,0,1.3376138e-10
1334,Reconstruction-optimal,337,0,1.3154922e-10
1335,Reconstruction-optimal,338,0,1.1925753e-10
1336,Reconstruction-optimal,339,0,1.2307626e-10
1337,Reconstruction-optimal,340,0,1.2604373e-10
1338,Reconstruction-optimal,341,0,1.3507456e-10
1339,Reconstruction-optimal,342,0,1.3294517e-10
1340,Reconstruction-optimal,343,0,1.2498835e-10
1341,Reconstruction-optimal,344,0,1.2130497e-10
1342,Reconstruction-optimal,345,0,1.0922803e-10
1343,Reconstruction-optimal,346,0,1.14979075e-10
1344,Reconstruction-optimal,347,0,1.267751e-10
1345,Reconstruction-optimal,348,0,1.2694246e-10
1346,Reconstruction-optimal,349,0,1.310266e-10
1347,Reconstruction-optimal,350,0,1.3682683e-10
1348,Reconstruction-optimal,351,0,1.3721756e-10
1349,Reconstruction-optimal,352,0,1.3704606e-10
1350,Reconstruction-optimal,353,0,1.2554428e-10
1351,Reconstruction-optimal,354,0,1.2325312e-10
1352,Reconstruction-optimal,355,0,1.367112e-10
1353,Reconstruction-optimal,356,0,1.2479118e-10
1354,Reconstruction-optimal,357,0,1.2652542e-10
1355,Reconstruction-optimal,358,0,1.2362522e-10
1356,Reconstruction-optimal,359,0,1.1791078e-10
1357,Reconstruction-optimal,360,0,1.2558883e-10
1358,Reconstruction-optimal,361,0,1.2833727e-10
1359,Reconstruction-optimal,362,0,1.3737793e-10
1360,Reconstruction-optimal,363,0,1.2965261e-10
1361,Reconstruction-optimal,364,0,1.2784676e-10
1362,Reconstruction-optimal,365,0,1.2528499e-10
1363,Reconstruction-optimal,366,0,1.2370549e-10
1364,Reconstruction-optimal,367,0,1.2163599e-10
1365,Reconstruction-optimal,368,0,1.2140515e-10
1366,Reconstruction-optimal,369,0,1.1507162e-10
1367,Reconstruction-optimal,370,0,1.2703871e-10
1368,Reconstruction-optimal,371,0,1.3637727e-10
1369,Reconstruction-optimal,372,0,1.2752269e-10
1370,Reconstruction-optimal,373,0,1.5980756e-10
1371,Reconstruction-optimal,374,0,1.3649745e-10
1372,Reconstruction-optimal,375,0,1.2212152e-10
1373,Reconstruction-optimal,376,0,1.3786305e-10
1374,Reconstruction-optimal,377,0,1.2000054e-10
1375,Reconstruction-optimal,378,0,1.3377907e-10
1376,Reconstruction-optimal,379,0,1.0925017e-10
1377,Reconstruction-optimal,380,0,1.3164346e-10
1378,Reconstruction-optimal,381,0,1.2765589e-10
1379,Reconstruction-optimal,382,0,1.3241223e-10
1380,Reconstruction-optimal,383,0,1.4492199e-10
1381,Reconstruction-optimal,384,0,1.3131844e-10
1382,Reconstruction-optimal,385,0,1.2832944e-10
1383,Reconstruction-optimal,386,0,1.4409979e-10
1384,Reconstruction-optimal,387,0,1.33548e-10
1385,Reconstruction-optimal,388,0,1.465897e-10
1386,Reconstruction-optimal,389,0,1.392965e-10
1387,Reconstruction-optimal,390,0,1.5419603e-10
1388,Reconstruction-optimal,391,0,1.3378516e-10
1389,Reconstruction-optimal,392,0,1.3948218e-10
1390,Reconstruction-optimal,393,0,1.580138e-10
1391,Reconstruction-optimal,394,0,1.700621e-10
1392,Reconstruction-optimal,395,0,1.6214816e-10
1393,Reconstruction-optimal,396,0,1.5141231e-10
1394,Reconstruction-optimal,397,0,2.0245441e-10
1395,Reconstruction-optimal,398,0,1.7695824e-10
1396,Reconstruction-optimal,399,0,1.3816565e-10
1397,Reconstruction-optimal,400,0,1.5902576e-10
1398,Reconstruction-optimal,401,0,1.6077988e-10
1399,Reconstruction-optimal,402,0,1.458745e-10
1400,Reconstruction-optimal,403,0,1.4435964e-10
1401,Reconstruction-optimal,404,0,1.3205276e-10
1402,Reconstruction-optimal,405,0,1.3391757e-10
1403,Reconstruction-optimal,406,0,1.3319457e-10
1404,Reconstruction-optimal,407,0,1.2726706e-10
1405,Reconstruction-optimal,408,0,1.4757856e-10
1406,Reconstruction-optimal,409,0,1.3725529e-10
1407,Reconstruction-optimal,410,0,1.4688631e-10
1408,Reconstruction-optimal,411,0,1.5460214e-10
1409,Reconstruction-optimal,412,0,1.375421e-10
1410,Reconstruction-optimal,413,0,1.375865e-10
1411,Reconstruction-optimal,414,0,1.3080398e-10
1412,Reconstruction-optimal,415,0,1.4868595e-10
1413,Reconstruction-optimal,416,0,1.2613853e-10
1414,Reconstruction-optimal,417,0,1.2807008e-10
1415,Reconstruction-optimal,418,0,1.5659918e-10
1416,Reconstruction-optimal,419,0,1.6453763e-10
1417,Reconstruction-optimal,420,0,1.3978706e-10
1418,Reconstruction-optimal,421,0,1.481666e-10
1419,Reconstruction-optimal,422,0,1.7051083e-10
1420,Reconstruction-optimal,423,0,1.2902747e-10
1421,Reconstruction-optimal,424,0,1.3615496e-10
1422,Reconstruction-optimal,425,0,1.2595908e-10
1423,Reconstruction-optimal,426,0,1.2497611e-10
1424,Reconstruction-optimal,427,0,1.3554557e-10
1425,Reconstruction-optimal,428,0,1.231251e-10
1426,Reconstruction-optimal,429,0,1.4448694e-10
1427,Reconstruction-optimal,430,0,1.2385373e-10
1428,Reconstruction-optimal,431,0,1.2656047e-10
1429,Reconstruction-optimal,432,0,1.190976e-10
1430,Reconstruction-optimal,433,0,1.1815243e-10
1431,Reconstruction-optimal,434,0,1.3030346e-10
1432,Reconstruction-optimal,435,0,1.3090472e-10
1433,Reconstruction-optimal,436,0,1.2717857e-10
1434,Reconstruction-optimal,437,0,1.3820431e-10
1435,Reconstruction-optimal,438,0,1.2813384e-10
1436,Reconstruction-optimal,439,0,1.562856e-10
1437,Reconstruction-optimal,440,0,1.4168618e-10
1438,Reconstruction-optimal,441,0,1.6551528e-10
1439,Reconstruction-optimal,442,0,1.3206944e-10
1440,Reconstruction-optimal,443,0,1.4354426e-10
1441,Reconstruction-optimal,444,0,1.4031346e-10
1442,Reconstruction-optimal,445,0,1.2572952e-10
1443,Reconstruction-optimal,446,0,1.42682e-10
1444,Reconstruction-optimal,447,0,1.1087749e-10
1445,Reconstruction-optimal,448,0,1.2431772e-10
1446,Reconstruction-optimal,449,0,1.2970859e-10
1447,Reconstruction-optimal,450,0,1.3337426e-10
1448,Reconstruction-optimal,451,0,1.4186835e-10
1449,Reconstruction-optimal,452,0,1.2516113e-10
1450,Reconstruction-optimal,453,0,1.5559914e-10
1451,Reconstruction-optimal,454,0,1.4921168e-10
1452,Reconstruction-optimal,455,0,1.1277809e-10
1453,Reconstruction-optimal,456,0,1.2260895e-10
1454,Reconstruction-optimal,457,0,1.7077126e-10
1455,Reconstruction-optimal,458,0,1.3064327e-10
1456,Reconstruction-optimal,459,0,1.2735814e-10
1457,Reconstruction-optimal,460,0,1.3526587e-10
1458,Reconstruction-optimal,461,0,1.2148064e-10
1459,Reconstruction-optimal,462,0,1.2245202e-10
1460,Reconstruction-optimal,463,0,1.2374558e-10
1461,Reconstruction-optimal,464,0,1.4140489e-10
1462,Reconstruction-optimal,465,0,1.09841594e-10
1463,Reconstruction-optimal,466,0,1.2871898e-10
1464,Reconstruction-optimal,467,0,1.4700288e-10
1465,Reconstruction-optimal,468,0,1.3419912e-10
1466,Reconstruction-optimal,469,0,1.3807536e-10
1467,Reconstruction-optimal,470,0,1.3145939e-10
1468,Reconstruction-optimal,471,0,1.4550854e-10
1469,Reconstruction-optimal,472,0,1.5164962e-10
1470,Reconstruction-optimal,473,0,1.3147183e-10
1471,Reconstruction-optimal,474,0,1.3636164e-10
1472,Reconstruction-optimal,475,0,1.2977809e-10
1473,Reconstruction-optimal,476,0,1.2955353e-10
1474,Reconstruction-optimal,477,0,1.4401409e-10
1475,Reconstruction-optimal,478,0,1.3600857e-10
1476,Reconstruction-optimal,479,0,1.4890432e-10
1477,Reconstruction-optimal,480,0,1.6444907e-10
1478,Reconstruction-optimal,481,0,1.7217963e-10
1479,Reconstruction-optimal,482,0,1.4225816e-10
1480,Reconstruction-optimal,483,0,1.6185829e-10
1481,Reconstruction-optimal,484,0,1.528028e-10
1482,Reconstruction-optimal,485,0,2.0002949e-10
1483,Reconstruction-optimal,486,0,1.2166466e-10
1484,Reconstruction-optimal,487,0,1.6367313e-10
1485,Reconstruction-optimal,488,0,1.5467194e-10
1486,Reconstruction-optimal,489,0,1.7601029e-10
1487,Reconstruction-optimal,490,0,1.7435642e-10
1488,Reconstruction-optimal,491,0,2.0180556e-10
1489,Reconstruction-optimal,492,0,1.6361862e-10
1490,Reconstruction-optimal,493,0,1.6281809e-10
1491,Reconstruction-optimal,494,0,1.9040385e-10
1492,Reconstruction-optimal,495,0,1.6902676e-10
1493,Reconstruction-optimal,496,0,1.9406032e-10
1494,Reconstruction-optimal,497,0,1.6776772e-10
1495,Reconstruction-optimal,498,0,1.5430723e-10
1496,Reconstruction-optimal,499,0,1.6925064e-10
